"FullName","Length","LastWriteTime"
"C:\$Recycle.Bin\S-1-5-21-977125084-3994612347-3193991490-1001\$I1LIGZ5.js","274","5/12/2026 12:17:49 AM"
"C:\$Recycle.Bin\S-1-5-21-977125084-3994612347-3193991490-1001\$IKX1NXU.js","290","5/19/2026 1:42:33 PM"
"C:\$Recycle.Bin\S-1-5-21-977125084-3994612347-3193991490-1001\$ITU4WFN.PS1","2108","6/2/2026 1:07:14 AM"
"C:\$Recycle.Bin\S-1-5-21-977125084-3994612347-3193991490-1001\$R1LIGZ5.js","404","5/12/2026 12:06:01 AM"
"C:\$Recycle.Bin\S-1-5-21-977125084-3994612347-3193991490-1001\$R2JSHT4.yaml","208088","6/15/2026 1:00:23 AM"
"C:\$Recycle.Bin\S-1-5-21-977125084-3994612347-3193991490-1001\$R5GTF55.yaml","219","6/6/2026 8:32:45 AM"
"C:\$Recycle.Bin\S-1-5-21-977125084-3994612347-3193991490-1001\$RAJRULD.json","15285","5/25/2026 12:24:32 PM"
"C:\$Recycle.Bin\S-1-5-21-977125084-3994612347-3193991490-1001\$REVRXYE.ps1","2966","7/24/2026 7:12:03 AM"
"C:\$Recycle.Bin\S-1-5-21-977125084-3994612347-3193991490-1001\$RGF6MCJ.yaml","18091","5/30/2026 2:36:17 AM"
"C:\$Recycle.Bin\S-1-5-21-977125084-3994612347-3193991490-1001\$RI5O70M.json","5251","7/26/2026 5:19:32 AM"
"C:\$Recycle.Bin\S-1-5-21-977125084-3994612347-3193991490-1001\$RJHPSTO.py","432","6/1/2026 4:14:02 AM"
"C:\$Recycle.Bin\S-1-5-21-977125084-3994612347-3193991490-1001\$RNL4H7T.py","571","6/1/2026 4:12:30 AM"
"C:\$Recycle.Bin\S-1-5-21-977125084-3994612347-3193991490-1001\$RV6Q3WB.json","1095","6/28/2026 4:01:10 AM"
"C:\$Recycle.Bin\S-1-5-21-977125084-3994612347-3193991490-1001\$RVKTKEG.yaml","300","6/6/2026 4:51:17 AM"
"C:\$Recycle.Bin\S-1-5-21-977125084-3994612347-3193991490-1001\$RWH5ZJ1.json","671","6/16/2026 2:39:14 AM"
"C:\$Recycle.Bin\S-1-5-21-977125084-3994612347-3193991490-1001\$RZOKHQD.json","1334","7/26/2026 5:19:32 AM"
"C:\$Recycle.Bin\S-1-5-21-977125084-3994612347-3193991490-1001\$R14GW9W\npm.ps1","1700","9/24/2025 6:03:44 AM"
"C:\$Recycle.Bin\S-1-5-21-977125084-3994612347-3193991490-1001\$R14GW9W\npx.ps1","1700","9/24/2025 6:03:44 AM"
"C:\$Recycle.Bin\S-1-5-21-977125084-3994612347-3193991490-1001\$R14GW9W\node_modules\corepack\CHANGELOG.md","34597","1/29/2026 5:00:24 AM"
"C:\$Recycle.Bin\S-1-5-21-977125084-3994612347-3193991490-1001\$R14GW9W\node_modules\corepack\LICENSE.md","1070","11/7/2024 2:32:34 PM"
"C:\$Recycle.Bin\S-1-5-21-977125084-3994612347-3193991490-1001\$R14GW9W\node_modules\corepack\package.json","2998","1/29/2026 5:00:24 AM"
"C:\$Recycle.Bin\S-1-5-21-977125084-3994612347-3193991490-1001\$R14GW9W\node_modules\corepack\README.md","15995","1/29/2026 5:00:24 AM"
"C:\$Recycle.Bin\S-1-5-21-977125084-3994612347-3193991490-1001\$R14GW9W\node_modules\corepack\shims\corepack.ps1","817","11/7/2024 2:32:34 PM"
"C:\$Recycle.Bin\S-1-5-21-977125084-3994612347-3193991490-1001\$R14GW9W\node_modules\corepack\shims\npm.ps1","797","11/7/2024 2:32:34 PM"
"C:\$Recycle.Bin\S-1-5-21-977125084-3994612347-3193991490-1001\$R14GW9W\node_modules\corepack\shims\npx.ps1","797","11/7/2024 2:32:34 PM"
"C:\$Recycle.Bin\S-1-5-21-977125084-3994612347-3193991490-1001\$R14GW9W\node_modules\corepack\shims\pnpm.ps1","801","11/7/2024 2:32:34 PM"
"C:\$Recycle.Bin\S-1-5-21-977125084-3994612347-3193991490-1001\$R14GW9W\node_modules\corepack\shims\pnpx.ps1","801","11/7/2024 2:32:34 PM"
"C:\$Recycle.Bin\S-1-5-21-977125084-3994612347-3193991490-1001\$R14GW9W\node_modules\corepack\shims\yarn.ps1","801","11/7/2024 2:32:34 PM"
"C:\$Recycle.Bin\S-1-5-21-977125084-3994612347-3193991490-1001\$R14GW9W\node_modules\corepack\shims\yarnpkg.ps1","813","11/7/2024 2:32:34 PM"
"C:\$Recycle.Bin\S-1-5-21-977125084-3994612347-3193991490-1001\$R14GW9W\node_modules\corepack\shims\nodewin\corepack.ps1","893","11/7/2024 2:32:34 PM"
"C:\$Recycle.Bin\S-1-5-21-977125084-3994612347-3193991490-1001\$R14GW9W\node_modules\corepack\shims\nodewin\npm.ps1","873","11/7/2024 2:32:34 PM"
"C:\$Recycle.Bin\S-1-5-21-977125084-3994612347-3193991490-1001\$R14GW9W\node_modules\corepack\shims\nodewin\npx.ps1","873","11/7/2024 2:32:34 PM"
"C:\$Recycle.Bin\S-1-5-21-977125084-3994612347-3193991490-1001\$R14GW9W\node_modules\corepack\shims\nodewin\pnpm.ps1","877","11/7/2024 2:32:34 PM"
"C:\$Recycle.Bin\S-1-5-21-977125084-3994612347-3193991490-1001\$R14GW9W\node_modules\corepack\shims\nodewin\pnpx.ps1","877","11/7/2024 2:32:34 PM"
"C:\$Recycle.Bin\S-1-5-21-977125084-3994612347-3193991490-1001\$R14GW9W\node_modules\corepack\shims\nodewin\yarn.ps1","877","11/7/2024 2:32:34 PM"
"C:\$Recycle.Bin\S-1-5-21-977125084-3994612347-3193991490-1001\$R14GW9W\node_modules\corepack\shims\nodewin\yarnpkg.ps1","889","11/7/2024 2:32:34 PM"
"C:\$Recycle.Bin\S-1-5-21-977125084-3994612347-3193991490-1001\$R14GW9W\node_modules\npm\package.json","6827","3/24/2026 2:03:30 AM"
"C:\$Recycle.Bin\S-1-5-21-977125084-3994612347-3193991490-1001\$R14GW9W\node_modules\npm\README.md","3405","3/24/2026 12:58:00 AM"
"C:\$Recycle.Bin\S-1-5-21-977125084-3994612347-3193991490-1001\$R14GW9W\node_modules\npm\bin\npm-prefix.js","864","11/7/2024 2:37:46 PM"
"C:\$Recycle.Bin\S-1-5-21-977125084-3994612347-3193991490-1001\$R14GW9W\node_modules\npm\bin\npm.ps1","1700","9/24/2025 6:03:44 AM"
"C:\$Recycle.Bin\S-1-5-21-977125084-3994612347-3193991490-1001\$R14GW9W\node_modules\npm\bin\npx-cli.js","3051","11/7/2024 2:37:46 PM"
"C:\$Recycle.Bin\S-1-5-21-977125084-3994612347-3193991490-1001\$R14GW9W\node_modules\npm\bin\npx.ps1","1700","9/24/2025 6:03:44 AM"
"C:\$Recycle.Bin\S-1-5-21-977125084-3994612347-3193991490-1001\$R14GW9W\node_modules\npm\docs\content\commands\npm-access.md","2983","3/24/2026 12:58:00 AM"
"C:\$Recycle.Bin\S-1-5-21-977125084-3994612347-3193991490-1001\$R14GW9W\node_modules\npm\docs\content\commands\npm-adduser.md","2120","3/24/2026 12:58:00 AM"
"C:\$Recycle.Bin\S-1-5-21-977125084-3994612347-3193991490-1001\$R14GW9W\node_modules\npm\docs\content\commands\npm-audit.md","16067","3/24/2026 12:58:00 AM"
"C:\$Recycle.Bin\S-1-5-21-977125084-3994612347-3193991490-1001\$R14GW9W\node_modules\npm\docs\content\commands\npm-bugs.md","3103","3/24/2026 12:58:00 AM"
"C:\$Recycle.Bin\S-1-5-21-977125084-3994612347-3193991490-1001\$R14GW9W\node_modules\npm\docs\content\commands\npm-cache.md","3550","3/24/2026 12:58:00 AM"
"C:\$Recycle.Bin\S-1-5-21-977125084-3994612347-3193991490-1001\$R14GW9W\node_modules\npm\docs\content\commands\npm-ci.md","10099","3/24/2026 12:58:00 AM"
"C:\$Recycle.Bin\S-1-5-21-977125084-3994612347-3193991490-1001\$R14GW9W\node_modules\npm\docs\content\commands\npm-completion.md","943","3/24/2026 12:58:00 AM"
"C:\$Recycle.Bin\S-1-5-21-977125084-3994612347-3193991490-1001\$R14GW9W\node_modules\npm\docs\content\commands\npm-config.md","4267","3/24/2026 12:58:00 AM"
"C:\$Recycle.Bin\S-1-5-21-977125084-3994612347-3193991490-1001\$R14GW9W\node_modules\npm\docs\content\commands\npm-dedupe.md","9869","3/24/2026 12:58:00 AM"
"C:\$Recycle.Bin\S-1-5-21-977125084-3994612347-3193991490-1001\$R14GW9W\node_modules\npm\docs\content\commands\npm-deprecate.md","2241","3/24/2026 12:58:00 AM"
"C:\$Recycle.Bin\S-1-5-21-977125084-3994612347-3193991490-1001\$R14GW9W\node_modules\npm\docs\content\commands\npm-diff.md","9267","3/24/2026 12:58:00 AM"
"C:\$Recycle.Bin\S-1-5-21-977125084-3994612347-3193991490-1001\$R14GW9W\node_modules\npm\docs\content\commands\npm-dist-tag.md","5308","3/24/2026 12:58:00 AM"
"C:\$Recycle.Bin\S-1-5-21-977125084-3994612347-3193991490-1001\$R14GW9W\node_modules\npm\docs\content\commands\npm-docs.md","3081","3/24/2026 12:58:00 AM"
"C:\$Recycle.Bin\S-1-5-21-977125084-3994612347-3193991490-1001\$R14GW9W\node_modules\npm\docs\content\commands\npm-doctor.md","5145","3/24/2026 12:58:00 AM"
"C:\$Recycle.Bin\S-1-5-21-977125084-3994612347-3193991490-1001\$R14GW9W\node_modules\npm\docs\content\commands\npm-edit.md","1132","3/24/2026 12:58:00 AM"
"C:\$Recycle.Bin\S-1-5-21-977125084-3994612347-3193991490-1001\$R14GW9W\node_modules\npm\docs\content\commands\npm-exec.md","11671","3/24/2026 12:58:00 AM"
"C:\$Recycle.Bin\S-1-5-21-977125084-3994612347-3193991490-1001\$R14GW9W\node_modules\npm\docs\content\commands\npm-explain.md","2895","3/24/2026 12:58:00 AM"
"C:\$Recycle.Bin\S-1-5-21-977125084-3994612347-3193991490-1001\$R14GW9W\node_modules\npm\docs\content\commands\npm-explore.md","1052","3/24/2026 12:58:00 AM"
"C:\$Recycle.Bin\S-1-5-21-977125084-3994612347-3193991490-1001\$R14GW9W\node_modules\npm\docs\content\commands\npm-find-dupes.md","7036","3/24/2026 12:58:00 AM"
"C:\$Recycle.Bin\S-1-5-21-977125084-3994612347-3193991490-1001\$R14GW9W\node_modules\npm\docs\content\commands\npm-fund.md","3810","3/24/2026 12:58:00 AM"
"C:\$Recycle.Bin\S-1-5-21-977125084-3994612347-3193991490-1001\$R14GW9W\node_modules\npm\docs\content\commands\npm-get.md","477","3/24/2026 12:58:00 AM"
"C:\$Recycle.Bin\S-1-5-21-977125084-3994612347-3193991490-1001\$R14GW9W\node_modules\npm\docs\content\commands\npm-help-search.md","793","3/24/2026 12:58:00 AM"
"C:\$Recycle.Bin\S-1-5-21-977125084-3994612347-3193991490-1001\$R14GW9W\node_modules\npm\docs\content\commands\npm-help.md","1047","3/24/2026 12:58:00 AM"
"C:\$Recycle.Bin\S-1-5-21-977125084-3994612347-3193991490-1001\$R14GW9W\node_modules\npm\docs\content\commands\npm-init.md","10561","3/24/2026 12:58:00 AM"
"C:\$Recycle.Bin\S-1-5-21-977125084-3994612347-3193991490-1001\$R14GW9W\node_modules\npm\docs\content\commands\npm-install-ci-test.md","8366","3/24/2026 12:58:00 AM"
"C:\$Recycle.Bin\S-1-5-21-977125084-3994612347-3193991490-1001\$R14GW9W\node_modules\npm\docs\content\commands\npm-install-test.md","11927","3/24/2026 12:58:00 AM"
"C:\$Recycle.Bin\S-1-5-21-977125084-3994612347-3193991490-1001\$R14GW9W\node_modules\npm\docs\content\commands\npm-install.md","30043","3/24/2026 12:58:00 AM"
"C:\$Recycle.Bin\S-1-5-21-977125084-3994612347-3193991490-1001\$R14GW9W\node_modules\npm\docs\content\commands\npm-link.md","12779","3/24/2026 12:58:00 AM"
"C:\$Recycle.Bin\S-1-5-21-977125084-3994612347-3193991490-1001\$R14GW9W\node_modules\npm\docs\content\commands\npm-ll.md","5915","3/24/2026 12:58:00 AM"
"C:\$Recycle.Bin\S-1-5-21-977125084-3994612347-3193991490-1001\$R14GW9W\node_modules\npm\docs\content\commands\npm-login.md","2447","3/24/2026 12:58:00 AM"
"C:\$Recycle.Bin\S-1-5-21-977125084-3994612347-3193991490-1001\$R14GW9W\node_modules\npm\docs\content\commands\npm-logout.md","1821","3/24/2026 12:58:00 AM"
"C:\$Recycle.Bin\S-1-5-21-977125084-3994612347-3193991490-1001\$R14GW9W\node_modules\npm\docs\content\commands\npm-ls.md","7407","3/24/2026 2:03:30 AM"
"C:\$Recycle.Bin\S-1-5-21-977125084-3994612347-3193991490-1001\$R14GW9W\node_modules\npm\docs\content\commands\npm-org.md","2087","3/24/2026 12:58:00 AM"
"C:\$Recycle.Bin\S-1-5-21-977125084-3994612347-3193991490-1001\$R14GW9W\node_modules\npm\docs\content\commands\npm-outdated.md","7102","3/24/2026 12:58:00 AM"
"C:\$Recycle.Bin\S-1-5-21-977125084-3994612347-3193991490-1001\$R14GW9W\node_modules\npm\docs\content\commands\npm-owner.md","3186","3/24/2026 12:58:00 AM"
"C:\$Recycle.Bin\S-1-5-21-977125084-3994612347-3193991490-1001\$R14GW9W\node_modules\npm\docs\content\commands\npm-pack.md","3967","3/24/2026 12:58:00 AM"
"C:\$Recycle.Bin\S-1-5-21-977125084-3994612347-3193991490-1001\$R14GW9W\node_modules\npm\docs\content\commands\npm-ping.md","815","11/7/2024 2:32:34 PM"
"C:\$Recycle.Bin\S-1-5-21-977125084-3994612347-3193991490-1001\$R14GW9W\node_modules\npm\docs\content\commands\npm-pkg.md","8300","3/24/2026 12:58:00 AM"
"C:\$Recycle.Bin\S-1-5-21-977125084-3994612347-3193991490-1001\$R14GW9W\node_modules\npm\docs\content\commands\npm-prefix.md","1264","3/24/2026 12:58:00 AM"
"C:\$Recycle.Bin\S-1-5-21-977125084-3994612347-3193991490-1001\$R14GW9W\node_modules\npm\docs\content\commands\npm-profile.md","3182","3/24/2026 12:58:00 AM"
"C:\$Recycle.Bin\S-1-5-21-977125084-3994612347-3193991490-1001\$R14GW9W\node_modules\npm\docs\content\commands\npm-prune.md","5928","3/24/2026 12:58:00 AM"
"C:\$Recycle.Bin\S-1-5-21-977125084-3994612347-3193991490-1001\$R14GW9W\node_modules\npm\docs\content\commands\npm-publish.md","8271","3/24/2026 12:58:00 AM"
"C:\$Recycle.Bin\S-1-5-21-977125084-3994612347-3193991490-1001\$R14GW9W\node_modules\npm\docs\content\commands\npm-query.md","7220","3/24/2026 12:58:00 AM"
"C:\$Recycle.Bin\S-1-5-21-977125084-3994612347-3193991490-1001\$R14GW9W\node_modules\npm\docs\content\commands\npm-rebuild.md","5164","3/24/2026 12:58:00 AM"
"C:\$Recycle.Bin\S-1-5-21-977125084-3994612347-3193991490-1001\$R14GW9W\node_modules\npm\docs\content\commands\npm-repo.md","2854","3/24/2026 12:58:00 AM"
"C:\$Recycle.Bin\S-1-5-21-977125084-3994612347-3193991490-1001\$R14GW9W\node_modules\npm\docs\content\commands\npm-restart.md","1512","3/24/2026 12:58:00 AM"
"C:\$Recycle.Bin\S-1-5-21-977125084-3994612347-3193991490-1001\$R14GW9W\node_modules\npm\docs\content\commands\npm-root.md","1147","3/24/2026 12:58:00 AM"
"C:\$Recycle.Bin\S-1-5-21-977125084-3994612347-3193991490-1001\$R14GW9W\node_modules\npm\docs\content\commands\npm-run.md","7769","3/24/2026 12:58:00 AM"
"C:\$Recycle.Bin\S-1-5-21-977125084-3994612347-3193991490-1001\$R14GW9W\node_modules\npm\docs\content\commands\npm-sbom.md","8653","3/24/2026 12:58:00 AM"
"C:\$Recycle.Bin\S-1-5-21-977125084-3994612347-3193991490-1001\$R14GW9W\node_modules\npm\docs\content\commands\npm-search.md","3617","3/24/2026 12:58:00 AM"
"C:\$Recycle.Bin\S-1-5-21-977125084-3994612347-3193991490-1001\$R14GW9W\node_modules\npm\docs\content\commands\npm-set.md","1491","3/24/2026 12:58:00 AM"
"C:\$Recycle.Bin\S-1-5-21-977125084-3994612347-3193991490-1001\$R14GW9W\node_modules\npm\docs\content\commands\npm-shrinkwrap.md","938","3/24/2026 12:58:00 AM"
"C:\$Recycle.Bin\S-1-5-21-977125084-3994612347-3193991490-1001\$R14GW9W\node_modules\npm\docs\content\commands\npm-star.md","1791","3/24/2026 12:58:00 AM"
"C:\$Recycle.Bin\S-1-5-21-977125084-3994612347-3193991490-1001\$R14GW9W\node_modules\npm\docs\content\commands\npm-stars.md","781","3/24/2026 12:58:00 AM"
"C:\$Recycle.Bin\S-1-5-21-977125084-3994612347-3193991490-1001\$R14GW9W\node_modules\npm\docs\content\commands\npm-start.md","1708","3/24/2026 12:58:00 AM"
"C:\$Recycle.Bin\S-1-5-21-977125084-3994612347-3193991490-1001\$R14GW9W\node_modules\npm\docs\content\commands\npm-stop.md","1391","3/24/2026 12:58:00 AM"
"C:\$Recycle.Bin\S-1-5-21-977125084-3994612347-3193991490-1001\$R14GW9W\node_modules\npm\docs\content\commands\npm-team.md","4228","3/24/2026 12:58:00 AM"
"C:\$Recycle.Bin\S-1-5-21-977125084-3994612347-3193991490-1001\$R14GW9W\node_modules\npm\docs\content\commands\npm-test.md","1282","3/24/2026 12:58:00 AM"
"C:\$Recycle.Bin\S-1-5-21-977125084-3994612347-3193991490-1001\$R14GW9W\node_modules\npm\docs\content\commands\npm-token.md","5108","3/24/2026 12:58:00 AM"
"C:\$Recycle.Bin\S-1-5-21-977125084-3994612347-3193991490-1001\$R14GW9W\node_modules\npm\docs\content\commands\npm-trust.md","10259","3/24/2026 2:03:30 AM"
"C:\$Recycle.Bin\S-1-5-21-977125084-3994612347-3193991490-1001\$R14GW9W\node_modules\npm\docs\content\commands\npm-undeprecate.md","1467","3/24/2026 12:58:00 AM"
"C:\$Recycle.Bin\S-1-5-21-977125084-3994612347-3193991490-1001\$R14GW9W\node_modules\npm\docs\content\commands\npm-uninstall.md","4598","3/24/2026 12:58:00 AM"
"C:\$Recycle.Bin\S-1-5-21-977125084-3994612347-3193991490-1001\$R14GW9W\node_modules\npm\docs\content\commands\npm-unpublish.md","4617","3/24/2026 12:58:00 AM"
"C:\$Recycle.Bin\S-1-5-21-977125084-3994612347-3193991490-1001\$R14GW9W\node_modules\npm\docs\content\commands\npm-unstar.md","1647","3/24/2026 12:58:00 AM"
"C:\$Recycle.Bin\S-1-5-21-977125084-3994612347-3193991490-1001\$R14GW9W\node_modules\npm\docs\content\commands\npm-update.md","13365","3/24/2026 12:58:00 AM"
"C:\$Recycle.Bin\S-1-5-21-977125084-3994612347-3193991490-1001\$R14GW9W\node_modules\npm\docs\content\commands\npm-version.md","8265","3/24/2026 12:58:00 AM"
"C:\$Recycle.Bin\S-1-5-21-977125084-3994612347-3193991490-1001\$R14GW9W\node_modules\npm\docs\content\commands\npm-view.md","7683","3/24/2026 12:58:00 AM"
"C:\$Recycle.Bin\S-1-5-21-977125084-3994612347-3193991490-1001\$R14GW9W\node_modules\npm\docs\content\commands\npm-whoami.md","838","3/24/2026 12:58:00 AM"
"C:\$Recycle.Bin\S-1-5-21-977125084-3994612347-3193991490-1001\$R14GW9W\node_modules\npm\docs\content\commands\npm.md","5786","3/24/2026 2:03:30 AM"
"C:\$Recycle.Bin\S-1-5-21-977125084-3994612347-3193991490-1001\$R14GW9W\node_modules\npm\docs\content\commands\npx.md","6425","3/24/2026 12:58:00 AM"
"C:\$Recycle.Bin\S-1-5-21-977125084-3994612347-3193991490-1001\$R14GW9W\node_modules\npm\docs\content\configuring-npm\folders.md","7924","3/24/2026 12:58:00 AM"
"C:\$Recycle.Bin\S-1-5-21-977125084-3994612347-3193991490-1001\$R14GW9W\node_modules\npm\docs\content\configuring-npm\install.md","2651","3/24/2026 12:58:00 AM"
"C:\$Recycle.Bin\S-1-5-21-977125084-3994612347-3193991490-1001\$R14GW9W\node_modules\npm\docs\content\configuring-npm\npm-shrinkwrap-json.md","1276","3/24/2026 12:58:00 AM"
"C:\$Recycle.Bin\S-1-5-21-977125084-3994612347-3193991490-1001\$R14GW9W\node_modules\npm\docs\content\configuring-npm\npmrc.md","6570","3/24/2026 12:58:00 AM"
"C:\$Recycle.Bin\S-1-5-21-977125084-3994612347-3193991490-1001\$R14GW9W\node_modules\npm\docs\content\configuring-npm\package-json.md","38417","3/24/2026 12:58:00 AM"
"C:\$Recycle.Bin\S-1-5-21-977125084-3994612347-3193991490-1001\$R14GW9W\node_modules\npm\docs\content\configuring-npm\package-lock-json.md","11175","3/24/2026 12:58:00 AM"
"C:\$Recycle.Bin\S-1-5-21-977125084-3994612347-3193991490-1001\$R14GW9W\node_modules\npm\docs\content\using-npm\config.md","53817","3/24/2026 12:58:00 AM"
"C:\$Recycle.Bin\S-1-5-21-977125084-3994612347-3193991490-1001\$R14GW9W\node_modules\npm\docs\content\using-npm\dependency-selectors.md","12539","3/24/2026 12:58:00 AM"
"C:\$Recycle.Bin\S-1-5-21-977125084-3994612347-3193991490-1001\$R14GW9W\node_modules\npm\docs\content\using-npm\developers.md","8088","3/24/2026 12:58:00 AM"
"C:\$Recycle.Bin\S-1-5-21-977125084-3994612347-3193991490-1001\$R14GW9W\node_modules\npm\docs\content\using-npm\logging.md","3993","3/24/2026 12:58:00 AM"
"C:\$Recycle.Bin\S-1-5-21-977125084-3994612347-3193991490-1001\$R14GW9W\node_modules\npm\docs\content\using-npm\orgs.md","2366","3/24/2026 12:58:00 AM"
"C:\$Recycle.Bin\S-1-5-21-977125084-3994612347-3193991490-1001\$R14GW9W\node_modules\npm\docs\content\using-npm\package-spec.md","2966","3/24/2026 12:58:00 AM"
"C:\$Recycle.Bin\S-1-5-21-977125084-3994612347-3193991490-1001\$R14GW9W\node_modules\npm\docs\content\using-npm\registry.md","3545","3/24/2026 12:58:00 AM"
"C:\$Recycle.Bin\S-1-5-21-977125084-3994612347-3193991490-1001\$R14GW9W\node_modules\npm\docs\content\using-npm\removal.md","1700","3/24/2026 12:58:00 AM"
"C:\$Recycle.Bin\S-1-5-21-977125084-3994612347-3193991490-1001\$R14GW9W\node_modules\npm\docs\content\using-npm\scope.md","5277","3/24/2026 12:58:00 AM"
"C:\$Recycle.Bin\S-1-5-21-977125084-3994612347-3193991490-1001\$R14GW9W\node_modules\npm\docs\content\using-npm\scripts.md","14946","3/24/2026 2:03:30 AM"
"C:\$Recycle.Bin\S-1-5-21-977125084-3994612347-3193991490-1001\$R14GW9W\node_modules\npm\docs\content\using-npm\workspaces.md","6894","3/24/2026 2:03:30 AM"
"C:\$Recycle.Bin\S-1-5-21-977125084-3994612347-3193991490-1001\$R14GW9W\node_modules\npm\docs\lib\index.js","9797","3/24/2026 2:03:30 AM"
"C:\$Recycle.Bin\S-1-5-21-977125084-3994612347-3193991490-1001\$R14GW9W\node_modules\npm\lib\arborist-cmd.js","1701","3/24/2026 2:03:30 AM"
"C:\$Recycle.Bin\S-1-5-21-977125084-3994612347-3193991490-1001\$R14GW9W\node_modules\npm\lib\base-cmd.js","14559","3/24/2026 2:03:30 AM"
"C:\$Recycle.Bin\S-1-5-21-977125084-3994612347-3193991490-1001\$R14GW9W\node_modules\npm\lib\cli.js","419","12/3/2024 5:00:18 AM"
"C:\$Recycle.Bin\S-1-5-21-977125084-3994612347-3193991490-1001\$R14GW9W\node_modules\npm\lib\lifecycle-cmd.js","557","3/24/2026 2:03:30 AM"
"C:\$Recycle.Bin\S-1-5-21-977125084-3994612347-3193991490-1001\$R14GW9W\node_modules\npm\lib\npm.js","17648","3/24/2026 2:03:30 AM"
"C:\$Recycle.Bin\S-1-5-21-977125084-3994612347-3193991490-1001\$R14GW9W\node_modules\npm\lib\package-url-cmd.js","2015","3/24/2026 2:03:30 AM"
"C:\$Recycle.Bin\S-1-5-21-977125084-3994612347-3193991490-1001\$R14GW9W\node_modules\npm\lib\trust-cmd.js","9684","3/24/2026 12:58:00 AM"
"C:\$Recycle.Bin\S-1-5-21-977125084-3994612347-3193991490-1001\$R14GW9W\node_modules\npm\lib\cli\entry.js","3065","3/24/2026 2:03:30 AM"
"C:\$Recycle.Bin\S-1-5-21-977125084-3994612347-3193991490-1001\$R14GW9W\node_modules\npm\lib\cli\exit-handler.js","5448","3/24/2026 2:03:30 AM"
"C:\$Recycle.Bin\S-1-5-21-977125084-3994612347-3193991490-1001\$R14GW9W\node_modules\npm\lib\cli\update-notifier.js","4080","3/24/2026 2:03:30 AM"
"C:\$Recycle.Bin\S-1-5-21-977125084-3994612347-3193991490-1001\$R14GW9W\node_modules\npm\lib\cli\validate-engines.js","1977","3/24/2026 2:03:30 AM"
"C:\$Recycle.Bin\S-1-5-21-977125084-3994612347-3193991490-1001\$R14GW9W\node_modules\npm\lib\commands\access.js","6539","3/24/2026 12:58:00 AM"
"C:\$Recycle.Bin\S-1-5-21-977125084-3994612347-3193991490-1001\$R14GW9W\node_modules\npm\lib\commands\adduser.js","1371","11/7/2024 2:37:46 PM"
"C:\$Recycle.Bin\S-1-5-21-977125084-3994612347-3193991490-1001\$R14GW9W\node_modules\npm\lib\commands\audit.js","3341","3/24/2026 2:03:30 AM"
"C:\$Recycle.Bin\S-1-5-21-977125084-3994612347-3193991490-1001\$R14GW9W\node_modules\npm\lib\commands\bugs.js","881","11/7/2024 2:32:36 PM"
"C:\$Recycle.Bin\S-1-5-21-977125084-3994612347-3193991490-1001\$R14GW9W\node_modules\npm\lib\commands\cache.js","12166","3/24/2026 2:03:30 AM"
"C:\$Recycle.Bin\S-1-5-21-977125084-3994612347-3193991490-1001\$R14GW9W\node_modules\npm\lib\commands\ci.js","4472","3/24/2026 2:03:30 AM"
"C:\$Recycle.Bin\S-1-5-21-977125084-3994612347-3193991490-1001\$R14GW9W\node_modules\npm\lib\commands\completion.js","11792","3/24/2026 2:03:30 AM"
"C:\$Recycle.Bin\S-1-5-21-977125084-3994612347-3193991490-1001\$R14GW9W\node_modules\npm\lib\commands\config.js","12186","3/24/2026 2:03:30 AM"
"C:\$Recycle.Bin\S-1-5-21-977125084-3994612347-3193991490-1001\$R14GW9W\node_modules\npm\lib\commands\dedupe.js","1512","3/24/2026 2:03:30 AM"
"C:\$Recycle.Bin\S-1-5-21-977125084-3994612347-3193991490-1001\$R14GW9W\node_modules\npm\lib\commands\deprecate.js","2574","3/24/2026 12:58:00 AM"
"C:\$Recycle.Bin\S-1-5-21-977125084-3994612347-3193991490-1001\$R14GW9W\node_modules\npm\lib\commands\diff.js","8490","3/24/2026 2:03:30 AM"
"C:\$Recycle.Bin\S-1-5-21-977125084-3994612347-3193991490-1001\$R14GW9W\node_modules\npm\lib\commands\dist-tag.js","5858","3/24/2026 2:03:30 AM"
"C:\$Recycle.Bin\S-1-5-21-977125084-3994612347-3193991490-1001\$R14GW9W\node_modules\npm\lib\commands\docs.js","470","11/7/2024 2:37:46 PM"
"C:\$Recycle.Bin\S-1-5-21-977125084-3994612347-3193991490-1001\$R14GW9W\node_modules\npm\lib\commands\doctor.js","10577","3/24/2026 2:03:30 AM"
"C:\$Recycle.Bin\S-1-5-21-977125084-3994612347-3193991490-1001\$R14GW9W\node_modules\npm\lib\commands\edit.js","1827","3/24/2026 12:58:00 AM"
"C:\$Recycle.Bin\S-1-5-21-977125084-3994612347-3193991490-1001\$R14GW9W\node_modules\npm\lib\commands\exec.js","3611","3/24/2026 2:03:30 AM"
"C:\$Recycle.Bin\S-1-5-21-977125084-3994612347-3193991490-1001\$R14GW9W\node_modules\npm\lib\commands\explain.js","3759","3/24/2026 12:58:00 AM"
"C:\$Recycle.Bin\S-1-5-21-977125084-3994612347-3193991490-1001\$R14GW9W\node_modules\npm\lib\commands\explore.js","2244","3/24/2026 2:03:30 AM"
"C:\$Recycle.Bin\S-1-5-21-977125084-3994612347-3193991490-1001\$R14GW9W\node_modules\npm\lib\commands\find-dupes.js","662","3/24/2026 2:03:30 AM"
"C:\$Recycle.Bin\S-1-5-21-977125084-3994612347-3193991490-1001\$R14GW9W\node_modules\npm\lib\commands\fund.js","6790","3/24/2026 2:03:30 AM"
"C:\$Recycle.Bin\S-1-5-21-977125084-3994612347-3193991490-1001\$R14GW9W\node_modules\npm\lib\commands\get.js","559","3/24/2026 12:58:00 AM"
"C:\$Recycle.Bin\S-1-5-21-977125084-3994612347-3193991490-1001\$R14GW9W\node_modules\npm\lib\commands\help-search.js","5861","3/24/2026 2:03:30 AM"
"C:\$Recycle.Bin\S-1-5-21-977125084-3994612347-3193991490-1001\$R14GW9W\node_modules\npm\lib\commands\help.js","3870","3/24/2026 2:03:30 AM"
"C:\$Recycle.Bin\S-1-5-21-977125084-3994612347-3193991490-1001\$R14GW9W\node_modules\npm\lib\commands\init.js","7491","3/24/2026 2:03:30 AM"
"C:\$Recycle.Bin\S-1-5-21-977125084-3994612347-3193991490-1001\$R14GW9W\node_modules\npm\lib\commands\install-ci-test.js","388","3/24/2026 2:03:30 AM"
"C:\$Recycle.Bin\S-1-5-21-977125084-3994612347-3193991490-1001\$R14GW9W\node_modules\npm\lib\commands\install-test.js","385","3/24/2026 2:03:30 AM"
"C:\$Recycle.Bin\S-1-5-21-977125084-3994612347-3193991490-1001\$R14GW9W\node_modules\npm\lib\commands\install.js","5444","3/24/2026 2:03:30 AM"
"C:\$Recycle.Bin\S-1-5-21-977125084-3994612347-3193991490-1001\$R14GW9W\node_modules\npm\lib\commands\link.js","5588","3/24/2026 2:03:30 AM"
"C:\$Recycle.Bin\S-1-5-21-977125084-3994612347-3193991490-1001\$R14GW9W\node_modules\npm\lib\commands\ll.js","247","11/7/2024 2:32:36 PM"
"C:\$Recycle.Bin\S-1-5-21-977125084-3994612347-3193991490-1001\$R14GW9W\node_modules\npm\lib\commands\login.js","1368","11/7/2024 2:37:46 PM"
"C:\$Recycle.Bin\S-1-5-21-977125084-3994612347-3193991490-1001\$R14GW9W\node_modules\npm\lib\commands\logout.js","1503","11/7/2024 2:37:46 PM"
"C:\$Recycle.Bin\S-1-5-21-977125084-3994612347-3193991490-1001\$R14GW9W\node_modules\npm\lib\commands\ls.js","17746","3/24/2026 2:03:30 AM"
"C:\$Recycle.Bin\S-1-5-21-977125084-3994612347-3193991490-1001\$R14GW9W\node_modules\npm\lib\commands\org.js","4224","3/24/2026 2:03:30 AM"
"C:\$Recycle.Bin\S-1-5-21-977125084-3994612347-3193991490-1001\$R14GW9W\node_modules\npm\lib\commands\outdated.js","8428","3/24/2026 2:03:30 AM"
"C:\$Recycle.Bin\S-1-5-21-977125084-3994612347-3193991490-1001\$R14GW9W\node_modules\npm\lib\commands\owner.js","6335","3/24/2026 12:58:00 AM"
"C:\$Recycle.Bin\S-1-5-21-977125084-3994612347-3193991490-1001\$R14GW9W\node_modules\npm\lib\commands\pack.js","2890","3/24/2026 2:03:30 AM"
"C:\$Recycle.Bin\S-1-5-21-977125084-3994612347-3193991490-1001\$R14GW9W\node_modules\npm\lib\commands\ping.js","903","11/7/2024 2:37:46 PM"
"C:\$Recycle.Bin\S-1-5-21-977125084-3994612347-3193991490-1001\$R14GW9W\node_modules\npm\lib\commands\pkg.js","3814","3/24/2026 2:03:30 AM"
"C:\$Recycle.Bin\S-1-5-21-977125084-3994612347-3193991490-1001\$R14GW9W\node_modules\npm\lib\commands\prefix.js","323","3/24/2026 12:58:00 AM"
"C:\$Recycle.Bin\S-1-5-21-977125084-3994612347-3193991490-1001\$R14GW9W\node_modules\npm\lib\commands\profile.js","11079","3/24/2026 2:03:30 AM"
"C:\$Recycle.Bin\S-1-5-21-977125084-3994612347-3193991490-1001\$R14GW9W\node_modules\npm\lib\commands\prune.js","833","3/24/2026 2:03:30 AM"
"C:\$Recycle.Bin\S-1-5-21-977125084-3994612347-3193991490-1001\$R14GW9W\node_modules\npm\lib\commands\publish.js","10035","3/24/2026 2:03:30 AM"
"C:\$Recycle.Bin\S-1-5-21-977125084-3994612347-3193991490-1001\$R14GW9W\node_modules\npm\lib\commands\query.js","3979","3/24/2026 12:58:00 AM"
"C:\$Recycle.Bin\S-1-5-21-977125084-3994612347-3193991490-1001\$R14GW9W\node_modules\npm\lib\commands\rebuild.js","2284","3/24/2026 12:58:00 AM"
"C:\$Recycle.Bin\S-1-5-21-977125084-3994612347-3193991490-1001\$R14GW9W\node_modules\npm\lib\commands\repo.js","1329","3/24/2026 12:58:00 AM"
"C:\$Recycle.Bin\S-1-5-21-977125084-3994612347-3193991490-1001\$R14GW9W\node_modules\npm\lib\commands\restart.js","316","3/24/2026 12:58:00 AM"
"C:\$Recycle.Bin\S-1-5-21-977125084-3994612347-3193991490-1001\$R14GW9W\node_modules\npm\lib\commands\root.js","309","11/7/2024 2:37:46 PM"
"C:\$Recycle.Bin\S-1-5-21-977125084-3994612347-3193991490-1001\$R14GW9W\node_modules\npm\lib\commands\run.js","6636","3/24/2026 2:03:30 AM"
"C:\$Recycle.Bin\S-1-5-21-977125084-3994612347-3193991490-1001\$R14GW9W\node_modules\npm\lib\commands\sbom.js","4724","3/24/2026 2:03:30 AM"
"C:\$Recycle.Bin\S-1-5-21-977125084-3994612347-3193991490-1001\$R14GW9W\node_modules\npm\lib\commands\search.js","1947","11/7/2024 2:37:46 PM"
"C:\$Recycle.Bin\S-1-5-21-977125084-3994612347-3193991490-1001\$R14GW9W\node_modules\npm\lib\commands\set.js","656","3/24/2026 12:58:00 AM"
"C:\$Recycle.Bin\S-1-5-21-977125084-3994612347-3193991490-1001\$R14GW9W\node_modules\npm\lib\commands\shrinkwrap.js","2785","3/24/2026 2:03:30 AM"
"C:\$Recycle.Bin\S-1-5-21-977125084-3994612347-3193991490-1001\$R14GW9W\node_modules\npm\lib\commands\star.js","1992","3/24/2026 12:58:00 AM"
"C:\$Recycle.Bin\S-1-5-21-977125084-3994612347-3193991490-1001\$R14GW9W\node_modules\npm\lib\commands\stars.js","1097","3/24/2026 12:58:00 AM"
"C:\$Recycle.Bin\S-1-5-21-977125084-3994612347-3193991490-1001\$R14GW9W\node_modules\npm\lib\commands\start.js","306","3/24/2026 12:58:00 AM"
"C:\$Recycle.Bin\S-1-5-21-977125084-3994612347-3193991490-1001\$R14GW9W\node_modules\npm\lib\commands\stop.js","301","3/24/2026 12:58:00 AM"
"C:\$Recycle.Bin\S-1-5-21-977125084-3994612347-3193991490-1001\$R14GW9W\node_modules\npm\lib\commands\team.js","4596","3/24/2026 2:03:30 AM"
"C:\$Recycle.Bin\S-1-5-21-977125084-3994612347-3193991490-1001\$R14GW9W\node_modules\npm\lib\commands\test.js","301","3/24/2026 12:58:00 AM"
"C:\$Recycle.Bin\S-1-5-21-977125084-3994612347-3193991490-1001\$R14GW9W\node_modules\npm\lib\commands\token.js","8434","3/24/2026 12:58:00 AM"
"C:\$Recycle.Bin\S-1-5-21-977125084-3994612347-3193991490-1001\$R14GW9W\node_modules\npm\lib\commands\undeprecate.js","315","3/24/2026 12:58:00 AM"
"C:\$Recycle.Bin\S-1-5-21-977125084-3994612347-3193991490-1001\$R14GW9W\node_modules\npm\lib\commands\uninstall.js","1576","3/24/2026 12:58:00 AM"
"C:\$Recycle.Bin\S-1-5-21-977125084-3994612347-3193991490-1001\$R14GW9W\node_modules\npm\lib\commands\unpublish.js","5711","3/24/2026 2:03:30 AM"
"C:\$Recycle.Bin\S-1-5-21-977125084-3994612347-3193991490-1001\$R14GW9W\node_modules\npm\lib\commands\update.js","1807","3/24/2026 2:03:30 AM"
"C:\$Recycle.Bin\S-1-5-21-977125084-3994612347-3193991490-1001\$R14GW9W\node_modules\npm\lib\commands\version.js","3773","3/24/2026 12:58:00 AM"
"C:\$Recycle.Bin\S-1-5-21-977125084-3994612347-3193991490-1001\$R14GW9W\node_modules\npm\lib\commands\view.js","14316","3/24/2026 2:03:30 AM"
"C:\$Recycle.Bin\S-1-5-21-977125084-3994612347-3193991490-1001\$R14GW9W\node_modules\npm\lib\commands\whoami.js","547","11/7/2024 2:37:46 PM"
"C:\$Recycle.Bin\S-1-5-21-977125084-3994612347-3193991490-1001\$R14GW9W\node_modules\npm\lib\commands\trust\circleci.js","6054","3/24/2026 12:58:00 AM"
"C:\$Recycle.Bin\S-1-5-21-977125084-3994612347-3193991490-1001\$R14GW9W\node_modules\npm\lib\commands\trust\github.js","3143","3/24/2026 12:58:00 AM"
"C:\$Recycle.Bin\S-1-5-21-977125084-3994612347-3193991490-1001\$R14GW9W\node_modules\npm\lib\commands\trust\gitlab.js","3430","3/24/2026 12:58:00 AM"
"C:\$Recycle.Bin\S-1-5-21-977125084-3994612347-3193991490-1001\$R14GW9W\node_modules\npm\lib\commands\trust\index.js","633","3/24/2026 2:03:30 AM"
"C:\$Recycle.Bin\S-1-5-21-977125084-3994612347-3193991490-1001\$R14GW9W\node_modules\npm\lib\commands\trust\list.js","1691","3/24/2026 12:58:00 AM"
"C:\$Recycle.Bin\S-1-5-21-977125084-3994612347-3193991490-1001\$R14GW9W\node_modules\npm\lib\commands\trust\revoke.js","1858","3/24/2026 12:58:00 AM"
"C:\$Recycle.Bin\S-1-5-21-977125084-3994612347-3193991490-1001\$R14GW9W\node_modules\npm\lib\utils\audit-error.js","1085","3/24/2026 2:03:30 AM"
"C:\$Recycle.Bin\S-1-5-21-977125084-3994612347-3193991490-1001\$R14GW9W\node_modules\npm\lib\utils\auth.js","3404","3/24/2026 2:03:30 AM"
"C:\$Recycle.Bin\S-1-5-21-977125084-3994612347-3193991490-1001\$R14GW9W\node_modules\npm\lib\utils\cmd-list.js","3137","3/24/2026 2:03:30 AM"
"C:\$Recycle.Bin\S-1-5-21-977125084-3994612347-3193991490-1001\$R14GW9W\node_modules\npm\lib\utils\did-you-mean.js","1176","3/24/2026 12:58:00 AM"
"C:\$Recycle.Bin\S-1-5-21-977125084-3994612347-3193991490-1001\$R14GW9W\node_modules\npm\lib\utils\display.js","17313","3/24/2026 12:58:00 AM"
"C:\$Recycle.Bin\S-1-5-21-977125084-3994612347-3193991490-1001\$R14GW9W\node_modules\npm\lib\utils\error-message.js","16448","3/24/2026 2:03:30 AM"
"C:\$Recycle.Bin\S-1-5-21-977125084-3994612347-3193991490-1001\$R14GW9W\node_modules\npm\lib\utils\explain-dep.js","3206","3/24/2026 12:58:00 AM"
"C:\$Recycle.Bin\S-1-5-21-977125084-3994612347-3193991490-1001\$R14GW9W\node_modules\npm\lib\utils\explain-eresolve.js","2688","3/24/2026 2:03:30 AM"
"C:\$Recycle.Bin\S-1-5-21-977125084-3994612347-3193991490-1001\$R14GW9W\node_modules\npm\lib\utils\format-bytes.js","657","3/24/2026 2:03:30 AM"
"C:\$Recycle.Bin\S-1-5-21-977125084-3994612347-3193991490-1001\$R14GW9W\node_modules\npm\lib\utils\format-search-stream.js","5071","3/24/2026 2:03:30 AM"
"C:\$Recycle.Bin\S-1-5-21-977125084-3994612347-3193991490-1001\$R14GW9W\node_modules\npm\lib\utils\format.js","2196","3/24/2026 12:58:00 AM"
"C:\$Recycle.Bin\S-1-5-21-977125084-3994612347-3193991490-1001\$R14GW9W\node_modules\npm\lib\utils\get-identity.js","828","3/24/2026 2:03:30 AM"
"C:\$Recycle.Bin\S-1-5-21-977125084-3994612347-3193991490-1001\$R14GW9W\node_modules\npm\lib\utils\get-workspaces.js","1802","11/7/2024 2:37:46 PM"
"C:\$Recycle.Bin\S-1-5-21-977125084-3994612347-3193991490-1001\$R14GW9W\node_modules\npm\lib\utils\installed-deep.js","1174","11/7/2024 2:37:46 PM"
"C:\$Recycle.Bin\S-1-5-21-977125084-3994612347-3193991490-1001\$R14GW9W\node_modules\npm\lib\utils\installed-shallow.js","602","11/7/2024 2:37:46 PM"
"C:\$Recycle.Bin\S-1-5-21-977125084-3994612347-3193991490-1001\$R14GW9W\node_modules\npm\lib\utils\log-file.js","8233","3/24/2026 2:03:30 AM"
"C:\$Recycle.Bin\S-1-5-21-977125084-3994612347-3193991490-1001\$R14GW9W\node_modules\npm\lib\utils\npm-usage.js","2146","3/24/2026 12:58:00 AM"
"C:\$Recycle.Bin\S-1-5-21-977125084-3994612347-3193991490-1001\$R14GW9W\node_modules\npm\lib\utils\oidc.js","7567","3/24/2026 2:03:30 AM"
"C:\$Recycle.Bin\S-1-5-21-977125084-3994612347-3193991490-1001\$R14GW9W\node_modules\npm\lib\utils\open-url.js","2660","3/24/2026 2:03:30 AM"
"C:\$Recycle.Bin\S-1-5-21-977125084-3994612347-3193991490-1001\$R14GW9W\node_modules\npm\lib\utils\output-error.js","818","3/24/2026 12:58:00 AM"
"C:\$Recycle.Bin\S-1-5-21-977125084-3994612347-3193991490-1001\$R14GW9W\node_modules\npm\lib\utils\ping.js","275","3/24/2026 2:03:30 AM"
"C:\$Recycle.Bin\S-1-5-21-977125084-3994612347-3193991490-1001\$R14GW9W\node_modules\npm\lib\utils\queryable.js","10098","3/24/2026 2:03:30 AM"
"C:\$Recycle.Bin\S-1-5-21-977125084-3994612347-3193991490-1001\$R14GW9W\node_modules\npm\lib\utils\read-user-info.js","2164","3/24/2026 12:58:00 AM"
"C:\$Recycle.Bin\S-1-5-21-977125084-3994612347-3193991490-1001\$R14GW9W\node_modules\npm\lib\utils\reify-finish.js","919","3/24/2026 2:03:30 AM"
"C:\$Recycle.Bin\S-1-5-21-977125084-3994612347-3193991490-1001\$R14GW9W\node_modules\npm\lib\utils\reify-output.js","6724","3/24/2026 2:03:30 AM"
"C:\$Recycle.Bin\S-1-5-21-977125084-3994612347-3193991490-1001\$R14GW9W\node_modules\npm\lib\utils\sbom-cyclonedx.js","5859","3/24/2026 12:58:00 AM"
"C:\$Recycle.Bin\S-1-5-21-977125084-3994612347-3193991490-1001\$R14GW9W\node_modules\npm\lib\utils\sbom-spdx.js","5487","3/24/2026 12:58:00 AM"
"C:\$Recycle.Bin\S-1-5-21-977125084-3994612347-3193991490-1001\$R14GW9W\node_modules\npm\lib\utils\tar.js","3620","3/24/2026 12:58:00 AM"
"C:\$Recycle.Bin\S-1-5-21-977125084-3994612347-3193991490-1001\$R14GW9W\node_modules\npm\lib\utils\timers.js","2209","11/7/2024 2:37:46 PM"
"C:\$Recycle.Bin\S-1-5-21-977125084-3994612347-3193991490-1001\$R14GW9W\node_modules\npm\lib\utils\update-workspaces.js","1053","3/24/2026 2:03:30 AM"
"C:\$Recycle.Bin\S-1-5-21-977125084-3994612347-3193991490-1001\$R14GW9W\node_modules\npm\lib\utils\validate-lockfile.js","1052","11/7/2024 2:32:36 PM"
"C:\$Recycle.Bin\S-1-5-21-977125084-3994612347-3193991490-1001\$R14GW9W\node_modules\npm\lib\utils\verify-signatures.js","12255","3/24/2026 2:03:30 AM"
"C:\$Recycle.Bin\S-1-5-21-977125084-3994612347-3193991490-1001\$R14GW9W\node_modules\npm\node_modules\@gar\promise-retry\package.json","1195","3/24/2026 12:58:00 AM"
"C:\$Recycle.Bin\S-1-5-21-977125084-3994612347-3193991490-1001\$R14GW9W\node_modules\npm\node_modules\@gar\promise-retry\lib\index.js","825","3/24/2026 12:58:00 AM"
"C:\$Recycle.Bin\S-1-5-21-977125084-3994612347-3193991490-1001\$R14GW9W\node_modules\npm\node_modules\@gar\promise-retry\node_modules\retry\package.json","1104","3/24/2026 12:58:00 AM"
"C:\$Recycle.Bin\S-1-5-21-977125084-3994612347-3193991490-1001\$R14GW9W\node_modules\npm\node_modules\@gar\promise-retry\node_modules\retry\example\dns.js","717","3/24/2026 12:58:00 AM"
"C:\$Recycle.Bin\S-1-5-21-977125084-3994612347-3193991490-1001\$R14GW9W\node_modules\npm\node_modules\@gar\promise-retry\node_modules\retry\example\stop.js","928","3/24/2026 12:58:00 AM"
"C:\$Recycle.Bin\S-1-5-21-977125084-3994612347-3193991490-1001\$R14GW9W\node_modules\npm\node_modules\@gar\promise-retry\node_modules\retry\lib\retry.js","2445","3/24/2026 12:58:00 AM"
"C:\$Recycle.Bin\S-1-5-21-977125084-3994612347-3193991490-1001\$R14GW9W\node_modules\npm\node_modules\@gar\promise-retry\node_modules\retry\lib\retry_operation.js","3878","3/24/2026 12:58:00 AM"
"C:\$Recycle.Bin\S-1-5-21-977125084-3994612347-3193991490-1001\$R14GW9W\node_modules\npm\node_modules\@isaacs\fs-minipass\package.json","1747","11/7/2024 2:37:46 PM"
"C:\$Recycle.Bin\S-1-5-21-977125084-3994612347-3193991490-1001\$R14GW9W\node_modules\npm\node_modules\@isaacs\fs-minipass\dist\commonjs\index.js","13220","11/7/2024 2:37:46 PM"
"C:\$Recycle.Bin\S-1-5-21-977125084-3994612347-3193991490-1001\$R14GW9W\node_modules\npm\node_modules\@isaacs\fs-minipass\dist\esm\index.js","12548","11/7/2024 2:37:46 PM"
"C:\$Recycle.Bin\S-1-5-21-977125084-3994612347-3193991490-1001\$R14GW9W\node_modules\npm\node_modules\@isaacs\string-locale-compare\index.js","1046","11/7/2024 2:32:36 PM"
"C:\$Recycle.Bin\S-1-5-21-977125084-3994612347-3193991490-1001\$R14GW9W\node_modules\npm\node_modules\@isaacs\string-locale-compare\package.json","724","11/7/2024 2:32:36 PM"
"C:\$Recycle.Bin\S-1-5-21-977125084-3994612347-3193991490-1001\$R14GW9W\node_modules\npm\node_modules\@npmcli\agent\package.json","1571","3/24/2026 12:58:00 AM"
"C:\$Recycle.Bin\S-1-5-21-977125084-3994612347-3193991490-1001\$R14GW9W\node_modules\npm\node_modules\@npmcli\agent\lib\agents.js","6136","11/7/2024 2:37:46 PM"
"C:\$Recycle.Bin\S-1-5-21-977125084-3994612347-3193991490-1001\$R14GW9W\node_modules\npm\node_modules\@npmcli\agent\lib\dns.js","1303","11/7/2024 2:32:36 PM"
"C:\$Recycle.Bin\S-1-5-21-977125084-3994612347-3193991490-1001\$R14GW9W\node_modules\npm\node_modules\@npmcli\agent\lib\errors.js","1455","11/7/2024 2:32:36 PM"
"C:\$Recycle.Bin\S-1-5-21-977125084-3994612347-3193991490-1001\$R14GW9W\node_modules\npm\node_modules\@npmcli\agent\lib\index.js","1313","11/7/2024 2:32:36 PM"
"C:\$Recycle.Bin\S-1-5-21-977125084-3994612347-3193991490-1001\$R14GW9W\node_modules\npm\node_modules\@npmcli\agent\lib\options.js","2523","11/7/2024 2:32:36 PM"
"C:\$Recycle.Bin\S-1-5-21-977125084-3994612347-3193991490-1001\$R14GW9W\node_modules\npm\node_modules\@npmcli\agent\lib\proxy.js","2099","11/7/2024 2:32:36 PM"
"C:\$Recycle.Bin\S-1-5-21-977125084-3994612347-3193991490-1001\$R14GW9W\node_modules\npm\node_modules\@npmcli\arborist\LICENSE.md","818","11/7/2024 2:32:36 PM"
"C:\$Recycle.Bin\S-1-5-21-977125084-3994612347-3193991490-1001\$R14GW9W\node_modules\npm\node_modules\@npmcli\arborist\package.json","2852","3/24/2026 2:03:30 AM"
"C:\$Recycle.Bin\S-1-5-21-977125084-3994612347-3193991490-1001\$R14GW9W\node_modules\npm\node_modules\@npmcli\arborist\README.md","16676","3/24/2026 12:58:00 AM"
"C:\$Recycle.Bin\S-1-5-21-977125084-3994612347-3193991490-1001\$R14GW9W\node_modules\npm\node_modules\@npmcli\arborist\bin\actual.js","569","11/7/2024 2:32:36 PM"
"C:\$Recycle.Bin\S-1-5-21-977125084-3994612347-3193991490-1001\$R14GW9W\node_modules\npm\node_modules\@npmcli\arborist\bin\audit.js","1450","11/7/2024 2:32:36 PM"
"C:\$Recycle.Bin\S-1-5-21-977125084-3994612347-3193991490-1001\$R14GW9W\node_modules\npm\node_modules\@npmcli\arborist\bin\funding.js","1180","11/7/2024 2:32:36 PM"
"C:\$Recycle.Bin\S-1-5-21-977125084-3994612347-3193991490-1001\$R14GW9W\node_modules\npm\node_modules\@npmcli\arborist\bin\ideal.js","410","11/7/2024 2:32:36 PM"
"C:\$Recycle.Bin\S-1-5-21-977125084-3994612347-3193991490-1001\$R14GW9W\node_modules\npm\node_modules\@npmcli\arborist\bin\index.js","3457","3/24/2026 12:58:00 AM"
"C:\$Recycle.Bin\S-1-5-21-977125084-3994612347-3193991490-1001\$R14GW9W\node_modules\npm\node_modules\@npmcli\arborist\bin\license.js","1533","11/7/2024 2:32:36 PM"
"C:\$Recycle.Bin\S-1-5-21-977125084-3994612347-3193991490-1001\$R14GW9W\node_modules\npm\node_modules\@npmcli\arborist\bin\prune.js","1196","11/7/2024 2:32:36 PM"
"C:\$Recycle.Bin\S-1-5-21-977125084-3994612347-3193991490-1001\$R14GW9W\node_modules\npm\node_modules\@npmcli\arborist\bin\reify.js","1196","11/7/2024 2:32:36 PM"
"C:\$Recycle.Bin\S-1-5-21-977125084-3994612347-3193991490-1001\$R14GW9W\node_modules\npm\node_modules\@npmcli\arborist\bin\shrinkwrap.js","216","11/7/2024 2:32:36 PM"
"C:\$Recycle.Bin\S-1-5-21-977125084-3994612347-3193991490-1001\$R14GW9W\node_modules\npm\node_modules\@npmcli\arborist\bin\virtual.js","378","11/7/2024 2:32:36 PM"
"C:\$Recycle.Bin\S-1-5-21-977125084-3994612347-3193991490-1001\$R14GW9W\node_modules\npm\node_modules\@npmcli\arborist\bin\lib\logging.js","2321","11/7/2024 2:37:46 PM"
"C:\$Recycle.Bin\S-1-5-21-977125084-3994612347-3193991490-1001\$R14GW9W\node_modules\npm\node_modules\@npmcli\arborist\bin\lib\options.js","3188","11/7/2024 2:37:46 PM"
"C:\$Recycle.Bin\S-1-5-21-977125084-3994612347-3193991490-1001\$R14GW9W\node_modules\npm\node_modules\@npmcli\arborist\bin\lib\timers.js","936","11/7/2024 2:37:46 PM"
"C:\$Recycle.Bin\S-1-5-21-977125084-3994612347-3193991490-1001\$R14GW9W\node_modules\npm\node_modules\@npmcli\arborist\lib\add-rm-pkg-deps.js","5151","11/7/2024 2:37:46 PM"
"C:\$Recycle.Bin\S-1-5-21-977125084-3994612347-3193991490-1001\$R14GW9W\node_modules\npm\node_modules\@npmcli\arborist\lib\audit-report.js","9894","3/24/2026 2:03:30 AM"
"C:\$Recycle.Bin\S-1-5-21-977125084-3994612347-3193991490-1001\$R14GW9W\node_modules\npm\node_modules\@npmcli\arborist\lib\calc-dep-flags.js","3462","3/24/2026 12:58:00 AM"
"C:\$Recycle.Bin\S-1-5-21-977125084-3994612347-3193991490-1001\$R14GW9W\node_modules\npm\node_modules\@npmcli\arborist\lib\can-place-dep.js","14709","11/7/2024 2:32:36 PM"
"C:\$Recycle.Bin\S-1-5-21-977125084-3994612347-3193991490-1001\$R14GW9W\node_modules\npm\node_modules\@npmcli\arborist\lib\case-insensitive-map.js","1289","11/7/2024 2:37:46 PM"
"C:\$Recycle.Bin\S-1-5-21-977125084-3994612347-3193991490-1001\$R14GW9W\node_modules\npm\node_modules\@npmcli\arborist\lib\consistent-resolve.js","1291","3/24/2026 12:58:00 AM"
"C:\$Recycle.Bin\S-1-5-21-977125084-3994612347-3193991490-1001\$R14GW9W\node_modules\npm\node_modules\@npmcli\arborist\lib\debug.js","1314","11/7/2024 2:37:46 PM"
"C:\$Recycle.Bin\S-1-5-21-977125084-3994612347-3193991490-1001\$R14GW9W\node_modules\npm\node_modules\@npmcli\arborist\lib\deepest-nesting-target.js","709","11/7/2024 2:32:36 PM"
"C:\$Recycle.Bin\S-1-5-21-977125084-3994612347-3193991490-1001\$R14GW9W\node_modules\npm\node_modules\@npmcli\arborist\lib\dep-valid.js","5278","3/24/2026 12:58:00 AM"
"C:\$Recycle.Bin\S-1-5-21-977125084-3994612347-3193991490-1001\$R14GW9W\node_modules\npm\node_modules\@npmcli\arborist\lib\diff.js","10449","3/24/2026 2:03:30 AM"
"C:\$Recycle.Bin\S-1-5-21-977125084-3994612347-3193991490-1001\$R14GW9W\node_modules\npm\node_modules\@npmcli\arborist\lib\edge.js","10352","3/24/2026 12:58:00 AM"
"C:\$Recycle.Bin\S-1-5-21-977125084-3994612347-3193991490-1001\$R14GW9W\node_modules\npm\node_modules\@npmcli\arborist\lib\from-path.js","1125","11/7/2024 2:37:46 PM"
"C:\$Recycle.Bin\S-1-5-21-977125084-3994612347-3193991490-1001\$R14GW9W\node_modules\npm\node_modules\@npmcli\arborist\lib\gather-dep-set.js","1329","3/24/2026 12:58:00 AM"
"C:\$Recycle.Bin\S-1-5-21-977125084-3994612347-3193991490-1001\$R14GW9W\node_modules\npm\node_modules\@npmcli\arborist\lib\index.js","279","11/7/2024 2:37:46 PM"
"C:\$Recycle.Bin\S-1-5-21-977125084-3994612347-3193991490-1001\$R14GW9W\node_modules\npm\node_modules\@npmcli\arborist\lib\inventory.js","3462","3/24/2026 2:03:30 AM"
"C:\$Recycle.Bin\S-1-5-21-977125084-3994612347-3193991490-1001\$R14GW9W\node_modules\npm\node_modules\@npmcli\arborist\lib\link.js","3240","7/16/2025 6:01:06 AM"
"C:\$Recycle.Bin\S-1-5-21-977125084-3994612347-3193991490-1001\$R14GW9W\node_modules\npm\node_modules\@npmcli\arborist\lib\node.js","51466","3/24/2026 2:03:30 AM"
"C:\$Recycle.Bin\S-1-5-21-977125084-3994612347-3193991490-1001\$R14GW9W\node_modules\npm\node_modules\@npmcli\arborist\lib\optional-set.js","1233","3/24/2026 12:58:00 AM"
"C:\$Recycle.Bin\S-1-5-21-977125084-3994612347-3193991490-1001\$R14GW9W\node_modules\npm\node_modules\@npmcli\arborist\lib\override-resolves.js","236","11/7/2024 2:32:36 PM"
"C:\$Recycle.Bin\S-1-5-21-977125084-3994612347-3193991490-1001\$R14GW9W\node_modules\npm\node_modules\@npmcli\arborist\lib\override-set.js","8243","3/24/2026 12:58:00 AM"
